Type,Name,Request Count,Failure Count,Median Response Time,Average Response Time,Min Response Time,Max Response Time,Average Content Size,Requests/s,Failures/s,50%,66%,75%,80%,90%,95%,98%,99%,99.9%,99.99%,100%
GET,/,17,0,47,48.72419341176393,40.519917000001016,61.84420799999657,845.0,0.14315718595480553,0.0,47,50,51,56,57,62,62,62,62,62,62
GET,/api/enterprise/status,5,0,49,47.24625800000197,41.19345800000218,51.63291600000264,485.0,0.04210505469258986,0.0,49,50,50,52,52,52,52,52,52,52,52
POST,/api/extract/[basic],17,17,950.0,984.9870368823525,837.4396249999947,1259.7862920000011,56.0,0.14315718595480553,0.14315718595480553,950,1000,1100,1100,1200,1300,1300,1300,1300,1300,1300
POST,/api/extract/enhanced,6,6,850.0,782.431215166664,16.926957999999104,1139.4379170000022,80.83333333333333,0.05052606563110784,0.05052606563110784,900,900,950,950,1100,1100,1100,1100,1100,1100,1100
POST,/api/extract/preview,5,5,940.0,958.0749918000008,820.4419999999999,1133.3395830000086,56.0,0.04210505469258986,0.04210505469258986,940,1000,1000,1100,1100,1100,1100,1100,1100,1100,1100
GET,/api/health,43,0,740.0,777.9828458837211,627.2375420000031,1028.7833330000008,497.0,0.3621034703562728,0.0,740,830,870,900,920,970,1000,1000,1000,1000,1000
POST,/api/login[returning],1,0,440.4649580000002,440.4649580000002,440.4649580000002,440.4649580000002,350.0,0.008421010938517973,0.0,440,440,440,440,440,440,440,440,440,440,440
,Aggregated,94,28,740.0,650.9362955957447,16.926957999999104,1259.7862920000011,427.9574468085106,0.7915750282206895,0.23578830627850325,740,870,910,940,1000,1100,1200,1300,1300,1300,1300
