Type,Name,Request Count,Failure Count,Median Response Time,Average Response Time,Min Response Time,Max Response Time,Average Content Size,Requests/s,Failures/s,50%,66%,75%,80%,90%,95%,98%,99%,99.9%,99.99%,100%
GET,/,88,0,7300.0,7953.541130761368,341.63158299999986,21479.254833000003,845.0,0.30134765199394625,0.0,7400,10000,11000,11000,13000,16000,21000,21000,21000,21000,21000
GET,/api/enterprise/status,25,0,7600.0,7718.847701760001,2363.239874999998,15986.013374999999,485.0,0.0856101284073711,0.0,7600,8500,8900,11000,14000,15000,16000,16000,16000,16000,16000
GET,/api/health,315,4,37000.0,35222.53527842861,247.03225000001794,65761.85666699999,487.7269841269841,1.078687617932876,0.013697620545179376,37000,38000,40000,41000,43000,49000,52000,56000,66000,66000,66000
POST,/api/login,189,189,9000.0,9128.545391973546,3.4691250000093987,38228.352209,173.0,0.6472125707597255,0.6472125707597255,9000,10000,12000,12000,15000,17000,31000,35000,38000,38000,38000
POST,/api/login[returning],97,97,10000.0,14008.999780505153,696.3909169999998,34760.664874999995,156.0,0.33216729822059987,0.33216729822059987,10000,17000,23000,24000,33000,35000,35000,35000,35000,35000,35000
POST,/api/register,77,77,6800.0,7517.198268974026,172.68704199997842,36142.7275,609.0,0.263679195494703,0.263679195494703,6800,9100,9900,11000,12000,13000,26000,36000,36000,36000,36000
,Aggregated,791,367,13000.0,19786.313210188382,3.4691250000093987,65761.85666699999,423.3135271807838,2.7087044628092216,1.2567566850202077,13000,32000,35000,37000,40000,43000,49000,51000,66000,66000,66000
