Type,Name,Request Count,Failure Count,Median Response Time,Average Response Time,Min Response Time,Max Response Time,Average Content Size,Requests/s,Failures/s,50%,66%,75%,80%,90%,95%,98%,99%,99.9%,99.99%,100%
GET,/,96,1,6500.0,7971.737178395834,1.630834000025061,35027.65687500001,836.1979166666666,0.3470983727007014,0.0036156080489656395,6600,9300,11000,12000,13000,20000,33000,35000,35000,35000,35000
GET,/api/enterprise/status,34,1,5100.0,7286.27524270588,6.844124999986434,32377.101874999993,470.7352941176471,0.12293067366483174,0.0036156080489656395,5200,6100,11000,12000,15000,31000,32000,32000,32000,32000,32000
GET,/api/health,286,0,40000.0,38220.94635096856,5448.756291,60797.50958299999,494.0,1.0340639020041729,0.0,40000,42000,44000,45000,50000,53000,57000,60000,61000,61000,61000
POST,/api/login,228,228,11000.0,12049.688284153517,9.144542000001366,39812.541416,173.0,0.8243586351641657,0.8243586351641657,11000,14000,16000,17000,23000,32000,39000,39000,40000,40000,40000
POST,/api/login[returning],92,92,8400.0,12696.55997545652,691.6627080000009,39918.418084,156.0,0.3326359405048388,0.3326359405048388,8400,13000,21000,21000,33000,39000,40000,40000,40000,40000,40000
POST,/api/register,88,88,11000.0,12189.602759511357,229.96212500000013,39829.608333000004,602.0795454545455,0.3181735083089762,0.3181735083089762,11000,14000,16000,18000,22000,31000,38000,40000,40000,40000,40000
,Aggregated,824,410,14000.0,20548.917807185688,1.630834000025061,60797.50958299999,417.8919902912621,2.979261032347687,1.4823993000759121,14000,29000,37000,39000,44000,47000,53000,56000,61000,61000,61000
